{"cameraMode":{"drawMode":0,"name":"Shaded","section":"Shading Mode"},"sceneLighting":false,"audioPlay":false,"sceneViewState":{"showFog":true,"showMaterialUpdate":false,"showSkybox":false,"showFlares":true,"showImageEffects":true,"showParticleSystems":true},"in2DMode":false,"pivot":{"x":-17.68642234802246,"y":9.663131713867188,"z":36.237953186035159},"rotation":{"x":-0.08535165339708328,"y":0.8160125017166138,"z":-0.12483904510736466,"w":-0.5579032897949219},"size":0.9849793314933777,"orthographic":false}